sample_id,ml_label,pc1,pc2
ceramicnet_000000,bowl,1.2856354616164591,1.266135281068767
ceramicnet_000001,bowl,-1.9673644380537283,-2.8579610646979323
ceramicnet_000002,bowl,1.2569756631252285,-0.6423665366908197
ceramicnet_000003,bowl,-2.459842896876422,-2.290419729276596
ceramicnet_000004,bowl,0.20457572500253954,-1.4741373517933893
ceramicnet_000005,bowl,1.0470195390404402,0.9693441491324661
ceramicnet_000006,bowl,1.1436284452682381,1.7651806312624596
ceramicnet_000007,bowl,0.12196404535627402,-0.1619965643273599
ceramicnet_000008,bowl,-1.6627404198430775,-1.9382722534500185
ceramicnet_000009,bowl,-1.2490010352248258,-1.8904005913511153
ceramicnet_000010,bowl,-0.4988991454542498,1.539574679286688
ceramicnet_000011,bowl,-1.268219839061063,0.5268350687870661
ceramicnet_000012,bowl,-2.795782605872419,-2.2966897456350157
ceramicnet_000013,bowl,-0.8273156821802796,-0.9472999760071169
ceramicnet_000014,bowl,-0.5931283373786185,-0.33957346890665235
ceramicnet_000015,bowl,1.4165705630512961,0.9995664810399244
ceramicnet_000016,bowl,1.082055780790839,-0.36015640448012
ceramicnet_000017,bowl,1.2089793955316481,0.9724038360461391
ceramicnet_000018,bowl,1.2566338512037325,1.550009240483376
ceramicnet_000019,bowl,0.9891597262295655,1.6290310111043254
ceramicnet_000020,bowl,0.28102872510061816,-0.3560450120191238
ceramicnet_000021,bowl,0.8581230810776804,1.333372498478133
ceramicnet_000022,bowl,1.269442184459328,2.271465367127092
ceramicnet_000023,bowl,0.6745044125386422,1.0296211404803448
ceramicnet_000024,bowl,0.28730749665182187,0.03929065843156987
ceramicnet_000025,bowl,1.2719318844048575,1.8731305365102773
ceramicnet_000026,bowl,0.266476720261671,1.0859252925814507
ceramicnet_000027,bowl,0.26116644993893534,-0.8221872637528775
ceramicnet_000028,bowl,-4.117794246550028,0.28025936641956317
ceramicnet_000029,bowl,-0.7418419462282742,-1.8649821876766144
ceramicnet_000030,bowl,0.3984214537167384,-0.5456553658138814
ceramicnet_000031,bowl,0.017809376108366592,-1.8148938527006895
ceramicnet_000032,bowl,-0.6139931631688832,0.13520112397749828
ceramicnet_000033,bowl,0.9641823095484694,0.8172166200603235
ceramicnet_000034,bowl,0.6477602804971603,0.548797144269624
ceramicnet_000035,bowl,1.058266466261277,0.9034183393112556
ceramicnet_000036,bowl,-0.22451299751227605,-0.5834359401708362
ceramicnet_000037,bowl,0.15167003422598466,0.23591963860891527
ceramicnet_000038,bowl,-0.4528682839192001,-0.6306604960205229
ceramicnet_000039,bowl,2.248881417049621,2.2734079981962525
ceramicnet_000040,bowl,1.8683725299618539,1.978828629378508
ceramicnet_000041,bowl,1.1351176737871376,-0.021188019731767167
ceramicnet_000042,bowl,-1.427847571050877,2.33638730112774
ceramicnet_000043,bowl,2.02444082408256,2.5619744840846717
ceramicnet_000044,bowl,-0.4396309631765455,0.6140373444451314
ceramicnet_000045,bowl,2.8403485008761726,4.031961362468721
ceramicnet_000046,bowl,0.6623659466663074,1.224340802137015
ceramicnet_000047,bowl,1.0760319099492643,0.41082766058238035
ceramicnet_000048,bowl,-0.22993957218693994,-1.6626715408028747
ceramicnet_000049,bowl,0.24761407064659868,-1.813680362779349
ceramicnet_000050,bowl,0.16626741001348203,-0.9198283900855073
ceramicnet_000051,bowl,1.154831737981619,1.0250978105230883
ceramicnet_000052,bowl,1.8131946809557808,2.221445261444501
ceramicnet_000053,bowl,1.0955802205467147,1.620122286246516
ceramicnet_000054,bowl,2.034295621040763,1.571908980303072
ceramicnet_000055,bowl,1.697846480070698,1.4860667846834457
ceramicnet_000056,bowl,1.3597985065982459,1.3490418880207216
ceramicnet_000057,bowl,0.9106474342752299,-0.21090413040403447
ceramicnet_000058,bowl,1.2397007262139212,0.39674473874576105
ceramicnet_000059,bowl,0.48586079423157585,-1.0533045276482826
ceramicnet_000060,bowl,3.0236561060708445,3.3554246762731905
ceramicnet_000061,bowl,2.2285286995637072,1.6585127937985409
ceramicnet_000062,bowl,0.14231689117398721,0.12990084957414288
ceramicnet_000063,bowl,0.347010234351635,-0.6643207396621339
ceramicnet_000064,bowl,1.8143288588695194,3.0178429778405285
ceramicnet_000065,bowl,1.1171212797170038,0.6299200864063419
ceramicnet_000066,bowl,0.9648619364202369,0.4049429901474064
ceramicnet_000067,bowl,1.7240570281124445,2.3523866678359595
ceramicnet_000068,bowl,-0.12785141131012046,-1.3444053479791942
ceramicnet_000069,bowl,-0.9495557561299499,-1.9234061989001578
ceramicnet_000070,bowl,-0.9518222999993362,-0.048720107794037223
ceramicnet_000071,bowl,-1.5986898073828046,-1.8643441753015437
ceramicnet_000072,bowl,0.18834179136700557,-0.13177461640951563
ceramicnet_000073,bowl,0.45538022098282316,-0.5088561991386747
ceramicnet_000074,bowl,-0.7657849580922224,-1.6600105345898883
ceramicnet_000075,bowl,-1.0794410099216025,-1.1454630299752484
ceramicnet_000076,bowl,-0.4546628539353074,-1.0159728723571104
ceramicnet_000077,bowl,-0.5718123573110864,-0.12010359234192751
ceramicnet_000078,bowl,-0.20106312144644756,0.4276589657897834
ceramicnet_000079,bowl,-1.2050670975729605,-1.7383267847884154
ceramicnet_000080,bowl,0.18307657404004282,-0.31609312242559434
ceramicnet_000081,bowl,-2.0451952653173033,-1.3838803244335334
ceramicnet_000082,bowl,-0.04972065609481768,-0.09292051087361342
ceramicnet_000083,bowl,0.044325359815714484,0.22186920259051132
ceramicnet_000084,bowl,1.968371851440609,2.5233925417238523
ceramicnet_000085,bowl,-0.14862748799654388,-0.7823365201932442
ceramicnet_000086,bowl,1.5343994713159503,2.812481482373599
ceramicnet_000087,bowl,0.12087362711441928,0.6167890822882287
ceramicnet_000088,bowl,-0.7543734560102542,-0.2347799071773808
ceramicnet_000089,bowl,-0.5836480383773136,-0.5046298664941634
ceramicnet_000090,bowl,-0.5173516233114211,-0.9195120682236931
ceramicnet_000091,bowl,0.23484101272451532,-0.7475276997623114
ceramicnet_000092,bowl,0.5467173231104743,0.6502248400297047
ceramicnet_000093,bowl,-0.2365247246637956,-0.5569545463655373
ceramicnet_000094,bowl,0.8966731523640993,1.5361226639737544
ceramicnet_000095,bowl,2.2878111580583007,2.967767953757648
ceramicnet_000096,bowl,2.565638748409362,2.857390863221692
ceramicnet_000097,bowl,-0.5665411427184437,-2.8431065560322133
ceramicnet_000098,bowl,0.8445252128258303,0.7527067436985456
ceramicnet_000099,bowl,1.6280385768471088,2.271717316482001
ceramicnet_000100,bowl,0.33921678661714333,-0.14541382574253148
ceramicnet_000101,bowl,0.017927658964774728,0.22565856121209682
ceramicnet_000102,bowl,0.6664609772315042,0.8532203963099907
ceramicnet_000103,bowl,2.2936393866433504,2.166454701841126
ceramicnet_000104,bowl,-0.33727475142179947,-1.0304865493342934
ceramicnet_000105,bowl,1.0346561785751804,3.0915711832728827
ceramicnet_000106,bowl,0.27211679661742133,1.204605849105847
ceramicnet_000107,bowl,2.5907667603732847,3.684243476941666
ceramicnet_000108,bowl,0.3575230092475687,0.5821548380884481
ceramicnet_000109,bowl,3.0129933894011955,3.3192342412745406
ceramicnet_000110,bowl,-0.25046704157768995,-0.14150386404009802
ceramicnet_000111,bowl,1.9390757637067368,2.578105571464006
ceramicnet_000112,bowl,0.5783825396600415,0.7330132541553717
ceramicnet_000113,bowl,0.7491122687489817,2.4900569966100847
ceramicnet_000114,bowl,0.8310859997472434,2.8626387036839165
ceramicnet_000115,bowl,0.3763315622280015,1.1619103056840883
ceramicnet_000116,bowl,1.2202264751234584,2.382587942812077
ceramicnet_000117,bowl,0.288056214719979,-0.1468121332618888
ceramicnet_000118,bowl,1.794990024428685,2.310205355098708
ceramicnet_000119,bowl,0.32896558558154315,-0.3137624117761665
ceramicnet_000120,bowl,1.1673079613412907,0.847431245119067
ceramicnet_000121,bowl,1.6475030803844102,1.917881976080139
ceramicnet_000122,bowl,1.0948545276980242,1.2785933836968641
ceramicnet_000123,bowl,1.2512737282972641,1.3311993862499705
ceramicnet_000124,bowl,-0.24183061137485784,-0.9959648220783897
ceramicnet_000125,bowl,1.6017925623359714,1.9114174079427142
ceramicnet_000126,bowl,2.128395976385944,2.27031601992611
ceramicnet_000127,bowl,2.0905984440867384,1.6426234766493701
ceramicnet_000128,bowl,1.7984618550229312,0.5359989188363444
ceramicnet_000129,bowl,-0.672052860285529,0.14293183660795242
ceramicnet_000130,bowl,0.01478153123225002,1.4591017631286516
ceramicnet_000131,bowl,1.5281857522339022,2.313226002567088
ceramicnet_000132,bowl,1.083587416530354,1.098965417310859
ceramicnet_000133,bowl,-1.8171402870682747,-1.5290968150459898
ceramicnet_000134,bowl,0.8336939132094108,-0.2433450164936647
ceramicnet_000135,bowl,0.07231379165668332,0.5063329203840258
ceramicnet_000136,bowl,-0.02743568905135759,-0.596804868309498
ceramicnet_000137,bowl,-0.2168801510048207,-0.618683525456506
ceramicnet_000138,bowl,1.8114093345259032,2.0971165312457014
ceramicnet_000139,bowl,1.3735318442625455,1.7921119762368114
ceramicnet_000140,bowl,1.9411232787526846,1.7553138966728028
ceramicnet_000141,bowl,-1.4022957813409676,-1.929401890553152
ceramicnet_000142,bowl,0.7506430717478024,0.34040030385495723
ceramicnet_000143,bowl,0.9443276268063482,1.757898864143575
ceramicnet_000144,bowl,0.330102471494478,0.05368502993021881
ceramicnet_000145,bowl,0.053813223819680005,0.11383620594211703
ceramicnet_000146,bowl,-0.3394285227007806,-0.6427944928631425
ceramicnet_000147,bowl,-0.22244640370069793,-0.6344036969931559
ceramicnet_000148,bowl,-1.5438364816199939,-2.218980667198093
ceramicnet_000149,bowl,-0.6525966499175543,-1.0086462587368341
ceramicnet_000150,bowl,0.681089499143346,0.18506986739487874
ceramicnet_000151,bowl,1.8320638901526554,1.738982187368042
ceramicnet_000152,bowl,0.8946427913117645,1.2675820699511466
ceramicnet_000153,bowl,3.45576745130382,3.2894419080414172
ceramicnet_000154,bowl,0.7856581880586695,2.251574109580779
ceramicnet_000155,bowl,1.2476528019317243,1.8193535416263131
ceramicnet_000156,bowl,1.2365079738530773,0.813905632271363
ceramicnet_000157,bowl,1.7716358932022926,1.6383588447168267
ceramicnet_000158,bowl,1.1307466206392434,0.1303758783174267
ceramicnet_000159,bowl,0.6287107897516634,0.22557457513098872
ceramicnet_000160,bowl,-1.8768618620787052,-3.2229469307754037
ceramicnet_000161,bowl,-0.5191690543645358,0.06631931796174434
ceramicnet_000162,bowl,0.8833067318034521,0.635618083833294
ceramicnet_000163,bowl,2.5768918819972932,2.499563099486067
ceramicnet_000164,bowl,-0.8429639526255971,-2.0072684886917296
ceramicnet_000165,bowl,1.1650593294647626,1.7198428512289576
ceramicnet_000166,bowl,1.1841042335337932,0.4655186596733816
ceramicnet_000167,bowl,0.4291676533570582,0.5682710511035955
ceramicnet_000168,bowl,0.9274801535267992,1.7313197237533706
ceramicnet_000169,bowl,-0.06475526958794707,0.16416167675220844
ceramicnet_000170,bowl,0.5571502528530623,0.27041031196473947
ceramicnet_000171,bowl,-0.18487942033792729,-0.4659619251391748
ceramicnet_000172,bowl,0.6113577396254862,0.780574781040957
ceramicnet_000173,bowl,-0.05397176067755614,0.11589104509018254
ceramicnet_000174,bowl,1.9964557591706336,1.8390447875101903
ceramicnet_000175,bowl,0.4075162290424443,0.4073150243479615
ceramicnet_000176,bowl,-1.4241438829144653,-2.7425645411043367
ceramicnet_000177,bowl,2.4892140914430314,2.33342993915171
ceramicnet_000178,bowl,1.3500351298069588,2.1151976914909603
ceramicnet_000179,bowl,-1.6798915699336447,-2.1779224967169575
ceramicnet_000180,bowl,-1.1947007699698948,-2.222425949792608
ceramicnet_000181,bowl,1.5283364107174628,1.648272893914175
ceramicnet_000182,bowl,2.3588894173231174,2.0162352701940303
ceramicnet_000183,bowl,0.8038619672563455,-0.35201741575657697
ceramicnet_000184,bowl,0.573922915446593,0.1516154606973184
ceramicnet_000185,bowl,1.786369556748767,1.6555207770576061
ceramicnet_000186,dish_body,-1.5649654305274545,-0.9513447452998725
ceramicnet_000187,dish_body,3.0282147622820563,4.94485951216791
ceramicnet_000188,dish_body,1.927598989856113,1.3806309740293303
ceramicnet_000189,dish_body,-1.5192237928184382,-2.0902444998446192
ceramicnet_000190,dish_body,-1.9788595432364828,-2.9860184926041877
ceramicnet_000191,dish_body,-2.470201588283523,-3.220436394859842
ceramicnet_000192,dish_body,-0.361373658625878,-2.114683776312913
ceramicnet_000193,dish_body,-1.452286304790803,-3.065732356746655
ceramicnet_000194,dish_body,1.324248449806683,0.27376743319475744
ceramicnet_000195,dish_body,2.3958009663421413,2.080886381768695
ceramicnet_000196,dish_body,2.373633416395431,2.268465125372517
ceramicnet_000197,dish_body,0.3603654630277675,-0.7604896982310546
ceramicnet_000198,dish_body,2.020605030513632,1.7450190833305588
ceramicnet_000199,dish_body,1.4233524235242212,1.078468627831429
ceramicnet_000200,dish_body,-0.3740005388554392,-1.0080927193512053
ceramicnet_000201,dish_body,1.652692456461083,0.28685635739643267
ceramicnet_000202,dish_body,0.49023918343504674,-1.1915527636671714
ceramicnet_000203,dish_body,-0.24506619404720778,-0.6998384183325078
ceramicnet_000204,dish_body,2.2679191554957274,2.0764343713259494
ceramicnet_000205,dish_body,-2.896564906626296,-2.250686043065295
ceramicnet_000206,dish_body,-0.7185782326867238,-0.571245956341288
ceramicnet_000207,dish_body,2.577912705882746,2.208463142670686
ceramicnet_000208,dish_body,0.2550083119070564,-0.7166145663979436
ceramicnet_000209,dish_body,-0.16594140469306554,-1.0087702120829665
ceramicnet_000210,dish_body,2.244736587165388,3.134004973373569
ceramicnet_000211,dish_body,2.3917106087686366,1.3528218579207663
ceramicnet_000212,dish_body,-0.16836832163976514,-1.546178423150989
ceramicnet_000213,dish_body,0.3484716880534656,-0.5137404342744736
ceramicnet_000214,dish_body,0.13515071483000166,-1.3670422712998704
ceramicnet_000215,dish_body,-0.15664841640795005,-1.9629363566763565
ceramicnet_000216,dish_body,-1.5264972688245737,-3.300802229440766
ceramicnet_000217,dish_body,1.8939062073536876,1.3601679021846882
ceramicnet_000218,dish_body,1.9128718705890007,2.6534000445946977
ceramicnet_000219,dish_body,0.5504373354605554,0.011114720680667791
ceramicnet_000220,dish_body,0.15878732767245554,-0.49419454051804895
ceramicnet_000221,dish_body,1.6209719944843186,0.9160137328563938
ceramicnet_000222,dish_body,-0.2762514414836283,2.0230083415439335
ceramicnet_000223,dish_body,0.5417068174950287,-0.8330022032916042
ceramicnet_000224,dish_body,-2.2366291945020613,-1.2469752218246974
ceramicnet_000225,dish_body,-2.391551020751151,-3.3374843765311195
ceramicnet_000226,dish_body,1.9949830681097134,1.322431610073312
ceramicnet_000227,dish_body,0.8512410628757402,1.0519996755048613
ceramicnet_000228,dish_body,1.4606747092686927,-0.8931939602042804
ceramicnet_000229,dish_body,0.6793850346229702,1.0898772913072927
ceramicnet_000230,dish_body,2.2813615781804537,2.1858484322475653
ceramicnet_000231,dish_body,1.750831903401454,3.490286840625229
ceramicnet_000232,dish_body,2.7024621643131583,3.1597326680221207
ceramicnet_000233,dish_body,1.8656529968364144,2.3799991596048353
ceramicnet_000234,dish_body,0.6646020169566119,0.9743202553938819
ceramicnet_000235,dish_body,2.6548668550630503,3.9642442472791646
ceramicnet_000236,dish_body,0.7360742436405817,-0.43503629713971936
ceramicnet_000237,dish_body,1.4749051036935572,1.003426033274692
ceramicnet_000238,dish_body,0.3920549813045818,1.5686243482527764
ceramicnet_000239,dish_body,2.296802071216663,1.8079021432222007
ceramicnet_000240,dish_body,1.5001104698987817,1.2256840834939329
ceramicnet_000241,dish_body,-0.2060162320525963,-1.4422628759075464
ceramicnet_000242,dish_body,1.4529865935499282,0.6423943146318728
ceramicnet_000243,dish_body,1.333067328972103,1.225319070069737
ceramicnet_000244,dish_body,1.0793507890111742,0.5316917529305613
ceramicnet_000245,dish_body,-1.6441213558495484,-2.1530599679476876
ceramicnet_000246,dish_body,1.8606428776882298,1.4507512334124784
ceramicnet_000247,dish_body,2.297678101504981,3.1766934332605743
ceramicnet_000248,dish_body,-0.43483158714389125,-1.7333504650736513
ceramicnet_000249,dish_body,-0.5097403386267517,-1.0971104159103653
ceramicnet_000250,dish_body,-0.316356712449534,-0.22146212092878037
ceramicnet_000251,dish_body,-3.456763401992764,-0.33941106880538574
ceramicnet_000252,dish_body,1.3665163920133268,-0.902394325827248
ceramicnet_000253,dish_body,-0.9425352500361208,-1.5878516506901514
ceramicnet_000254,dish_body,0.41066747747446647,2.0500195912307326
ceramicnet_000255,dish_body,0.28854444687194214,2.246222142043677
ceramicnet_000256,dish_body,-1.4165162569093164,-1.5337918867579379
ceramicnet_000257,dish_body,-0.4202688467461801,-0.6704831025106561
ceramicnet_000258,dish_body,-1.5087260994489515,-2.3608191260266413
ceramicnet_000259,dish_body,-0.7805544608543871,-1.022909381443121
ceramicnet_000260,dish_body,0.7505645341733397,0.5376772681024227
ceramicnet_000261,dish_body,0.0068081050475838545,0.47950128850143364
ceramicnet_000262,dish_body,-0.1465716127411602,-0.14992804726666137
ceramicnet_000263,dish_body,0.7368658410067963,-0.18034238565288158
ceramicnet_000264,dish_body,1.0582316152700961,1.3235534828548838
ceramicnet_000265,dish_body,-0.3290037642964251,0.018959914948671004
ceramicnet_000266,dish_body,0.27154880673400345,0.6898978124296058
ceramicnet_000267,dish_body,-0.3171053419602474,-0.27235058518369504
ceramicnet_000268,dish_body,-0.8389801387783158,-0.40136620245818255
ceramicnet_000269,dish_body,0.2755328541191247,0.4973643238036497
ceramicnet_000270,dish_body,2.3778685293508586,2.5303257315984196
ceramicnet_000271,dish_body,0.485618779209978,0.7993408633527614
ceramicnet_000272,dish_body,2.147838261750088,2.832036077732398
ceramicnet_000273,dish_body,1.1139418022241176,1.2504484224755041
ceramicnet_000274,dish_body,2.19720468723925,2.5589735180829996
ceramicnet_000275,dish_body,0.5622237137616029,1.2804843044321672
ceramicnet_000276,dish_body,1.3340483200214266,1.8367059664824539
ceramicnet_000277,dish_body,1.1551913412536898,1.4240803362195995
ceramicnet_000278,dish_body,4.7655936774787815,5.392081794111897
ceramicnet_000279,dish_body,2.6238745692846033,5.172634096320288
ceramicnet_000280,dish_body,2.175887253962327,3.9898965800493444
ceramicnet_000281,dish_body,0.16931228248858213,0.13104315985108234
ceramicnet_000282,dish_body,2.324670628783428,0.3868764016134218
ceramicnet_000283,dish_body,0.8886629217838262,-1.1175513900484733
ceramicnet_000284,dish_body,2.6686656148065615,1.310470510062699
ceramicnet_000285,dish_body,3.1265965595130596,3.1136796227734633
ceramicnet_000286,dish_body,2.3341013914543867,3.5591291625969785
ceramicnet_000287,dish_body,0.3706108895301097,0.6351156374997855
ceramicnet_000288,dish_body,2.544439655138727,2.571501371267046
ceramicnet_000289,dish_body,2.980288414902586,3.287856690150985
ceramicnet_000290,dish_body,0.3959147909937845,0.5113855468743991
ceramicnet_000291,dish_body,0.08977601021849128,0.061540783616206116
ceramicnet_000292,dish_body,0.059175344709928156,0.9589560016101426
ceramicnet_000293,dish_body,0.21474898200485784,-0.27902181284483735
ceramicnet_000294,dish_body,1.8594559809915956,3.6176947063885536
ceramicnet_000295,dish_body,0.07169635937571542,-1.0485889854223158
ceramicnet_000296,dish_body,1.003230422267902,-0.4577133910414494
ceramicnet_000297,dish_body,1.6052249961652452,1.1451565944323134
ceramicnet_000298,dish_body,3.2120471580375236,1.7820589153999145
ceramicnet_000299,dish_body,-2.1263172793273113,-3.0548944974713206
ceramicnet_000300,dish_body,-1.1945214226687295,-1.1141418117438557
ceramicnet_000301,dish_body,-0.7463123548710209,-0.33498927899930464
ceramicnet_000302,dish_body,1.0702497889921747,1.73140491186827
ceramicnet_000303,dish_body,1.9773995162129274,2.5132457706423734
ceramicnet_000304,dish_body,0.7980665719878673,0.021953241551207776
ceramicnet_000305,dish_body,2.2692049104981664,1.868295352554977
ceramicnet_000306,dish_body,-0.6735664581595953,-2.6666334581787696
ceramicnet_000307,dish_body,0.30957759198856044,-2.027048104274161
ceramicnet_000308,dish_body,-0.47738235978524135,-2.5945365573562054
ceramicnet_000309,dish_body,-0.7221001774446135,-1.6150908741830297
ceramicnet_000310,dish_body,-0.6258672392520195,-0.8745141440393683
ceramicnet_000311,dish_body,-1.7298266771792359,-2.870304601417892
ceramicnet_000312,dish_body,1.544571155974126,2.4381994520444286
ceramicnet_000313,dish_body,1.8458413901178938,2.129951179964626
ceramicnet_000314,dish_body,0.7304672029475059,2.5172806154300607
ceramicnet_000315,dish_body_with_ring_base,-0.7456529394478231,-2.9674294732106
ceramicnet_000316,dish_body_with_ring_base,-0.6467350548772434,-2.3545882945749352
ceramicnet_000317,dish_body_with_ring_base,-0.38467086805102657,-2.259036226973219
ceramicnet_000318,dish_body_with_ring_base,-2.7422088007570404,-2.674663799935889
ceramicnet_000319,dish_body_with_ring_base,0.8367079690990004,-0.7241764914258576
ceramicnet_000320,dish_body_with_ring_base,1.2425604989525965,0.7606203610443975
ceramicnet_000321,dish_body_with_ring_base,2.758790025321357,2.537544133234556
ceramicnet_000322,dish_body_with_ring_base,-0.4559276189017572,-2.6054927244164343
ceramicnet_000323,dish_body_with_ring_base,-1.008105333505674,-1.1269657075152784
ceramicnet_000324,dish_body_with_ring_base,2.473471668698201,1.987801486810897
ceramicnet_000325,dish_body_with_ring_base,1.3475358536366806,-0.27327805340433997
ceramicnet_000326,dish_body_with_ring_base,0.14377796165377532,-0.24003261270725598
ceramicnet_000327,dish_body_with_ring_base,-0.05338894454206777,-2.925712479183231
ceramicnet_000328,dish_body_with_ring_base,-0.4849331878701094,-2.188044464372201
ceramicnet_000329,dish_body_with_ring_base,0.7004853033735995,-1.3035791699467218
ceramicnet_000330,dish_body_with_ring_base,-0.491491131974835,-0.9236461841188398
ceramicnet_000331,dish_body_with_ring_base,0.9928322855559858,1.1872797008714657
ceramicnet_000332,dish_body_with_ring_base,2.314995989673386,4.312525264856057
ceramicnet_000333,dish_body_with_ring_base,1.0940954437137094,1.6234784794539212
ceramicnet_000334,dish_body_with_ring_base,2.4972903418424397,2.0656384660162646
ceramicnet_000335,dish_body_with_ring_base,3.00827562421264,1.7076150478668206
ceramicnet_000336,dish_body_with_ring_base,-0.3786728111338622,-2.0460365258102997
ceramicnet_000337,dish_body_with_ring_base,-0.44200156957963394,-2.3454198873896646
ceramicnet_000338,dish_body_with_ring_base,-1.7834997471313745,-1.7931301886830107
ceramicnet_000339,dish_body_with_ring_base,-1.1153698227780338,-2.484296698232784
ceramicnet_000340,dish_body_with_ring_base,-0.9718689687397035,-0.8040061922588271
ceramicnet_000341,dish_body_with_ring_base,0.29557357427656056,-0.9788820425111346
ceramicnet_000342,dish_body_with_ring_base,2.394177247643319,1.1101418695002363
ceramicnet_000343,dish_body_with_ring_base,1.6988525510079882,2.756485775573258
ceramicnet_000344,dish_body_with_ring_base,1.5206537537437579,-0.0030938255937599584
ceramicnet_000345,dish_body_with_ring_base,0.4109011056059233,-0.36357710674338245
ceramicnet_000346,dish_body_with_ring_base,1.8489418379920952,1.4945865239962124
ceramicnet_000347,dish_body_with_ring_base,2.0583170300316604,1.4630258201474773
ceramicnet_000348,dish_body_with_ring_base,1.9194184227442574,1.0478821439885198
ceramicnet_000349,dish_body_with_ring_base,1.3583155647264438,0.6596706292361059
ceramicnet_000350,dish_body_with_ring_base,0.7066399432784523,2.209148995972124
ceramicnet_000351,dish_body_with_ring_base,1.467585816294743,0.20015582681369762
ceramicnet_000352,dish_body_with_ring_base,1.2705956591777459,-0.04108150202838542
ceramicnet_000353,dish_body_with_ring_base,-0.9746926504093784,-1.0640823349372996
ceramicnet_000354,dish_body_with_ring_base,0.6281823327420718,-0.24083004602172228
ceramicnet_000355,dish_body_with_ring_base,2.2655663251002167,1.2771592792190185
ceramicnet_000356,dish_body_with_ring_base,2.651914444308325,2.2850800939446456
ceramicnet_000357,dish_body_with_ring_base,2.6470902145278767,1.8982207530682342
ceramicnet_000358,dish_body_with_ring_base,1.9743925093354846,1.3505714161147362
ceramicnet_000359,dish_body_with_ring_base,1.064058543333481,-0.6799887589005237
ceramicnet_000360,dish_body_with_ring_base,2.144164105428321,0.8703861683433077
ceramicnet_000361,dish_body_with_ring_base,1.9732492975344722,2.836661057964946
ceramicnet_000362,dish_body_with_ring_base,0.35695459458215945,0.24364068007024325
ceramicnet_000363,dish_body_with_ring_base,0.9735044339641048,-1.361289158602322
ceramicnet_000364,dish_body_with_ring_base,-0.36052872367199473,-1.7056018223530192
ceramicnet_000365,dish_body_with_ring_base,-0.8935079861255603,-0.6698621930657268
ceramicnet_000366,dish_body_with_ring_base,1.378645118639605,2.8561510014390685
ceramicnet_000367,dish_body_with_ring_base,-0.8084273314078516,-3.0132062161465285
ceramicnet_000368,dish_body_with_ring_base,2.1388100946378668,1.164289476501757
ceramicnet_000369,dish_body_with_ring_base,2.601532697419877,1.4779654478668351
ceramicnet_000370,dish_body_with_ring_base,1.1423428251878125,1.1961520686881273
ceramicnet_000371,dish_body_with_ring_base,3.1495273407903266,2.508479319349138
ceramicnet_000372,dish_body_with_ring_base,2.311224440631849,1.8977407562889106
ceramicnet_000373,dish_body_with_ring_base,-0.2716629168017195,-1.9749019045036111
ceramicnet_000374,dish_body_with_ring_base,1.7517777203445277,0.15834652889857626
ceramicnet_000375,dish_body_with_ring_base,0.072900078947628,-1.759719681259955
ceramicnet_000376,dish_body_with_ring_base,-0.18350546362523237,-1.5069487657018412
ceramicnet_000377,dish_body_with_ring_base,1.096390164021795,-0.43387827461313483
ceramicnet_000378,dish_body_with_ring_base,1.4983881825812877,0.0966975295844105
ceramicnet_000379,dish_body_with_ring_base,2.0558656853083708,3.0565197209790624
ceramicnet_000380,dish_body_with_ring_base,0.9617904089670473,1.5799292096001492
ceramicnet_000381,dish_body_with_ring_base,-3.08542729984992,-1.0897891142960123
ceramicnet_000382,dish_body_with_ring_base,-2.0733935915095434,-2.4172749218619125
ceramicnet_000383,dish_body_with_ring_base,2.8628970785127352,0.6079859345338579
ceramicnet_000384,dish_body_with_ring_base,2.5661297187840555,2.550996041385372
ceramicnet_000385,dish_body_with_ring_base,2.8358796948669456,2.6724386225418533
ceramicnet_000386,dish_body_with_ring_base,0.8653752077554417,0.01986502034938181
ceramicnet_000387,dish_body_with_ring_base,1.8229685916488025,1.9028806602286055
ceramicnet_000388,dish_body_with_ring_base,3.0903056306634147,1.7327264260420447
ceramicnet_000389,dish_body_with_ring_base,1.3667910041132405,2.1741593012792304
ceramicnet_000390,dish_body_with_ring_base,0.1137898019647649,-1.333328800634782
ceramicnet_000391,dish_body_with_ring_base,-1.347228895505996,-3.693597271101966
ceramicnet_000392,dish_body_with_ring_base,-0.08728564895150609,-2.4638935289625095
ceramicnet_000393,dish_body_with_ring_base,0.1565973855130027,-0.7124349671526852
ceramicnet_000394,dish_body_with_ring_base,0.8448735297957182,-0.2299382218041554
ceramicnet_000395,dish_body_with_ring_base,1.1309449002302083,2.369525409153174
ceramicnet_000396,dish_body_with_ring_base,2.531405250923732,2.1202660568673215
ceramicnet_000397,dish_body_with_ring_base,2.429262859820728,1.8020400415431885
ceramicnet_000398,dish_body_with_ring_base,1.0079045637411896,0.5008255489163579
ceramicnet_000399,dish_body_with_ring_base,3.438765640196818,2.5155836642048213
ceramicnet_000400,dish_body_with_ring_base,-0.31568773040004267,-3.632779971978471
ceramicnet_000401,dish_body_with_ring_base,-0.6989971638791886,-2.166069378531559
ceramicnet_000402,dish_body_with_ring_base,1.0219165354787692,-0.585562891542959
ceramicnet_000403,dish_body_with_ring_base,2.2745398683984335,2.300679639194811
ceramicnet_000404,dish_body_with_ring_base,1.0003494076480353,0.15160810341694916
ceramicnet_000405,dish_body_with_ring_base,0.7239264542044048,0.2045528033169996
ceramicnet_000406,dish_body_with_ring_base,0.7231884305049077,-0.44844553715328045
ceramicnet_000407,dish_body_with_ring_base,2.6898182251260985,2.258027417667951
ceramicnet_000408,dish_body_with_ring_base,0.607413000975707,-0.9736638298358333
ceramicnet_000409,dish_body_with_ring_base,-1.7217422993612868,-2.9610200169772867
ceramicnet_000410,dish_body_with_ring_base,0.3791560039955241,-1.0735033456022898
ceramicnet_000411,dish_body_with_ring_base,0.3730511367360518,-2.2744882454356223
ceramicnet_000412,dish_body_with_ring_base,1.9488337991155797,1.5839977893108232
ceramicnet_000413,dish_body_with_ring_base,0.8266759950026118,2.205795846799085
ceramicnet_000414,dish_body_with_ring_base,2.4422380049220354,3.4205529449085126
ceramicnet_000415,dish_body_with_ring_base,1.479197762568463,0.7798809283247383
ceramicnet_000416,dish_body_with_ring_base,2.710640443917308,2.2405209513671727
ceramicnet_000417,dish_body_with_ring_base,2.9340036784455137,2.8025757040989983
ceramicnet_000418,dish_body_with_ring_base,2.4216689386797565,0.9158746614058142
ceramicnet_000419,dish_body_with_ring_base,2.4795746568143224,1.4520666116854815
ceramicnet_000420,dish_body_with_ring_base,1.906415740738291,2.428702355107072
ceramicnet_000421,dish_body_with_ring_base,3.0488517464983103,2.3828343994405086
ceramicnet_000422,dish_body_with_ring_base,1.725878890250562,-0.5057831190670642
ceramicnet_000423,dish_body_with_ring_base,-0.40103518449545283,-1.538265964223408
ceramicnet_000424,dish_body_with_ring_base,-1.0185696678733729,-1.2767445499041472
ceramicnet_000425,dish_body_with_ring_base,1.4102014752434735,-0.14459136369808417
ceramicnet_000426,dish_body_with_ring_base,-2.394597747553158,-1.9835817268136025
ceramicnet_000427,dish_body_with_ring_base,-2.2689030193177144,-2.805859951433931
ceramicnet_000428,dish_body_with_ring_base,-1.1153365643100461,-3.980989855431476
ceramicnet_000429,dish_body_with_ring_base,0.013069672533625138,-1.6741547848117946
ceramicnet_000430,dish_body_with_ring_base,0.15970853492928105,-1.7797844515368362
ceramicnet_000431,dish_body_with_ring_base,0.15170310793407468,-1.5938488781372537
ceramicnet_000432,dish_body_with_ring_base,-0.028413951338361033,-2.03841986832919
ceramicnet_000433,dish_body_with_ring_base,-0.1275234001623112,-2.2771898062763447
ceramicnet_000434,dish_body_with_ring_base,0.21091176324085767,-1.5543504429719646
ceramicnet_000435,dish_body_with_ring_base,0.8179346930566019,-0.9707536056477398
ceramicnet_000436,dish_body_with_ring_base,-0.006169205600985296,-1.6413982942341387
ceramicnet_000437,dish_body_with_ring_base,0.5873159959659466,-1.0850498579253047
ceramicnet_000438,dish_body_with_ring_base,0.3655889518237961,-1.5485773099713185
ceramicnet_000439,dish_body_with_ring_base,0.31632795025418764,-0.2877906524191467
ceramicnet_000440,dish_body_with_ring_base,-0.37759488520247486,-2.5709577251627644
ceramicnet_000441,dish_body_with_ring_base,-1.2605667663354823,-3.357019183758503
ceramicnet_000442,dish_body_with_ring_base,0.039465165481826624,-1.5041111394549587
ceramicnet_000443,dish_body_with_ring_base,0.32612468694768704,-1.2453199535922101
ceramicnet_000444,dish_body_with_ring_base,0.04309247909159489,-1.7002084845629448
ceramicnet_000445,dish_body_with_ring_base,2.640980909777362,2.0718305381208713
ceramicnet_000446,dish_body_with_ring_base,2.2820031385175223,1.4195368277504798
ceramicnet_000447,dish_body_with_ring_base,-0.3829773193005051,-2.4617764980407375
ceramicnet_000448,dish_body_with_ring_base,3.3616125050226358,2.0253824610404734
ceramicnet_000449,dish_body_with_ring_base,0.1001862847620001,0.36406006022300164
ceramicnet_000450,dish_body_with_ring_base,-0.7414335269476988,-2.145626823592516
ceramicnet_000451,dish_body_with_ring_base,0.14064170402094853,-1.6561236620513167
ceramicnet_000452,dish_body_with_ring_base,-0.2294903439412355,-2.3612581082673993
ceramicnet_000453,dish_body_with_ring_base,-0.5124788626512855,-1.1986695882885943
ceramicnet_000454,dish_body_with_ring_base,-1.3554484775212114,-3.931982743211101
ceramicnet_000455,dish_body_with_ring_base,-1.5400668663210821,-3.8802714105193674
ceramicnet_000456,dish_body_with_ring_base,-0.040697815358085504,-1.8951775369681096
ceramicnet_000457,dish_body_with_ring_base,-0.47458413784239417,-0.7437193818655998
ceramicnet_000458,dish_body_with_ring_base,3.122596694903099,3.410734317814421
ceramicnet_000459,dish_body_with_ring_base,2.362637391248722,1.6161868896851452
ceramicnet_000460,dish_body_with_ring_base,0.9723063265737638,-0.11592548460708779
ceramicnet_000461,dish_body_with_ring_base,-0.5117527228112323,-3.7436758015444793
ceramicnet_000462,dish_body_with_ring_base,-0.7941582976161226,-2.798192231690463
ceramicnet_000463,dish_body_with_ring_base,-1.56298347648637,-2.0157943380333743
ceramicnet_000464,dish_body_with_ring_base,1.0230080541750923,3.3841398123199444
ceramicnet_000465,dish_body_with_ring_base,2.266312028953257,1.3825333982154044
ceramicnet_000466,dish_body_with_ring_base,3.709118512846403,2.7847077351322
ceramicnet_000467,dish_body_with_ring_base,1.5476331278897122,1.153196074614148
ceramicnet_000468,dish_body_with_ring_base,0.2141321107620488,-1.3363265096963224
ceramicnet_000469,dish_cap,2.336671160852908,0.199022810892857
ceramicnet_000470,dish_cap,0.052526049271025714,-3.2037040112823036
ceramicnet_000471,dish_cap,-1.1825790303080745,-3.9823379059080515
ceramicnet_000472,dish_cap,1.9487870443038773,0.5980742405921735
ceramicnet_000473,dish_cap,0.889616057723404,0.5149248338593604
ceramicnet_000474,dish_cap,1.3189079218142208,-0.6055495899535543
ceramicnet_000475,dish_cap,-0.6552345535406288,-0.19611877834854569
ceramicnet_000476,dish_cap,-0.7852522234992153,-4.123462324587872
ceramicnet_000477,dish_cap,-0.4005956447465934,-4.100401290270492
ceramicnet_000478,dish_cap,-0.7009524739590938,-4.03446685225254
ceramicnet_000479,dish_cap,2.883263556223147,2.370524696123612
ceramicnet_000480,dish_cap,0.12729422408239535,-3.0239496940747834
ceramicnet_000481,dish_cap,1.1388748852803978,-1.4504234509976943
ceramicnet_000482,dish_cap,1.069697575794165,-0.36851540939460653
ceramicnet_000483,dish_cap,-0.0010194408891701138,-2.306863185910449
ceramicnet_000484,dish_cap,1.5066467020409025,-0.08872378589596736
ceramicnet_000485,dish_cap,-2.019094215088366,-3.209318748161713
ceramicnet_000486,dish_cap,-0.04802037293841221,-1.4143348072671136
ceramicnet_000487,dish_cap,-0.41688113929695425,-2.4550155948497565
ceramicnet_000488,dish_cap,0.3900064520512977,-0.950035516912369
ceramicnet_000489,dish_cap,-0.22930395948831322,-1.2618998004738693
ceramicnet_000490,dish_cap,0.12904827974534755,-1.2160176353002303
ceramicnet_000491,dish_cap,1.544534271223863,-0.19566056907880366
ceramicnet_000492,dish_cap,-0.2951244553542394,-1.7291641368024369
ceramicnet_000493,dish_cap,2.6658599014943727,0.7513968623085294
ceramicnet_000494,dish_cap,1.7989494646499402,1.4708783948978639
ceramicnet_000495,dish_cap,4.782504046998612,3.0673373742819248
ceramicnet_000496,dish_cap,-0.5368316023299309,-2.528268804103341
ceramicnet_000497,dish_cap,0.8082618840445882,0.41152126170377823
ceramicnet_000498,dish_cap,0.7029523748247296,-2.460438988844498
ceramicnet_000499,dish_cap,2.4487343361908187,-1.2275248788211692
ceramicnet_000500,dish_cap,1.3715690151141542,-1.1768205968921504
ceramicnet_000501,dish_cap,0.3740920000670205,-3.029140869790354
ceramicnet_000502,dish_cap,-0.5959116628912147,-4.301363736449276
ceramicnet_000503,dish_cap,-1.0432669122675942,-3.5891768434032216
ceramicnet_000504,dish_cap,3.5404644876356337,0.8473035257252098
ceramicnet_000505,dish_cap,2.8997323993144866,2.010183043263863
ceramicnet_000506,dish_cap,0.7771943676594212,-0.7357867822239806
ceramicnet_000507,dish_cap,1.6510415657544857,-3.6196022953515623
ceramicnet_000508,dish_cap,0.09806092211282406,-0.9371035880547125
ceramicnet_000509,dish_cap,4.509522397368572,3.039401720075372
ceramicnet_000510,dish_cap,1.011475193286936,-0.5568159801302339
ceramicnet_000511,dish_cap,-0.9615647541449526,-3.55658235777208
ceramicnet_000512,dish_cap,-0.5728152433548281,-3.1802118042215533
ceramicnet_000513,dish_cap,2.8633619886443515,1.350789333127431
ceramicnet_000514,dish_cap,2.420743698340167,0.25310816589671736
ceramicnet_000515,dish_cap,1.2215417969077935,1.36427364468816
ceramicnet_000516,dish_cap,3.295761056275254,2.0826914693631493
ceramicnet_000517,dish_cap,1.4912259441848306,0.5556708160647548
ceramicnet_000518,dish_cap,1.382691748809928,0.6586722881414939
ceramicnet_000519,dish_cap,1.1278242336813677,0.1833834504730454
ceramicnet_000520,dish_cap,4.427527148972435,4.301108665018317
ceramicnet_000521,dish_cap,2.3355436243830523,0.766328600683456
ceramicnet_000522,dish_cap,0.9542184047679041,-0.882651102759198
ceramicnet_000523,dish_cap,2.363547682670411,0.20310120158028488
ceramicnet_000524,dish_cap,0.7287328801317823,-0.9341671143876135
ceramicnet_000525,dish_cap,1.574265833375657,0.8166843496580521
ceramicnet_000526,dish_cap,2.067093215588514,0.838295575931592
ceramicnet_000527,dish_cap,2.8070340364644126,1.5160026365629626
ceramicnet_000528,dish_cap,2.9907677456288484,2.9123207794473003
ceramicnet_000529,dish_cap,2.4315000723924625,1.26488976605978
ceramicnet_000530,dish_cap,1.324332780999778,-0.4512242901184235
ceramicnet_000531,dish_cap,1.7167735790534466,0.8225590311691228
ceramicnet_000532,dish_cap,0.8001631425477329,-1.1899913987536008
ceramicnet_000533,dish_cap,0.1937502477614033,-1.4480032422752598
ceramicnet_000534,dish_cap,-0.15121196179394314,-0.8398935788028118
ceramicnet_000535,dish_cap,0.5462886012860848,-1.850322836834219
ceramicnet_000536,dish_cap,0.9280831443373045,0.5066726349324638
ceramicnet_000537,dish_cap,0.9289501680415002,-0.6510470184839565
ceramicnet_000538,dish_cap,1.4615355327711306,0.1380014013253861
ceramicnet_000539,dish_cap,2.7134758795059066,0.6873158946930047
ceramicnet_000540,dish_cap,0.8305284764695483,-1.1402686766914245
ceramicnet_000541,dish_cap,1.2374963449157794,-0.9203976496951481
ceramicnet_000542,dish_cap,1.303882762017633,-0.8100939794057161
ceramicnet_000543,dish_cap,1.5448090182342364,0.7779547656454806
ceramicnet_000544,dish_cap,1.504861093272325,-0.3496936476802151
ceramicnet_000545,dish_cap,1.0635798170806845,-0.3945915944478026
ceramicnet_000546,dish_cap,2.5472561312908764,1.277932127187452
ceramicnet_000547,dish_cap,-1.0473949997840404,-3.847887090505181
ceramicnet_000548,dish_cap,-0.7275752732885488,-3.2625044285010723
ceramicnet_000549,dish_cap,0.9646239081580346,0.25391968506647794
ceramicnet_000550,dish_cap,0.828866879569489,-1.9186779644391518
ceramicnet_000551,dish_cap,-0.6304475215031783,-3.67045096183173
ceramicnet_000552,dish_cap,0.7060067184047633,-0.016653723547840615
ceramicnet_000553,dish_cap,0.3944637379933023,-4.91434459203273
ceramicnet_000554,dish_cap,0.6155660347276058,-2.421893682264058
ceramicnet_000555,dish_cap,0.6854607513517614,-0.6169274959211551
ceramicnet_000556,dish_cap,0.6413588744579862,-0.13061127434532652
ceramicnet_000557,dish_cap,1.8819935380435784,0.7465775603274353
ceramicnet_000558,dish_cap,-0.31029660840858675,0.12126865115423184
ceramicnet_000559,dish_cap,3.29011916594837,1.2171560214119743
ceramicnet_000560,dish_cap,1.5259482813108267,0.7951456815531411
ceramicnet_000561,dish_cap,2.064023795642424,0.7931458230752614
ceramicnet_000562,dish_cap,1.3829239038415775,-0.5322620479798895
ceramicnet_000563,dish_cap,-0.42489235492030364,-2.1289457844011275
ceramicnet_000564,dish_cap,2.0770307100496774,1.3244659686296765
ceramicnet_000565,dish_cap,2.2329493050587326,0.24853081072205346
ceramicnet_000566,dish_cap,1.5078360336375196,-1.6374857250308972
ceramicnet_000567,dish_cap,3.420434653029501,1.2496173343984416
ceramicnet_000568,dish_cap,3.2695916395852525,1.3651885000446593
ceramicnet_000569,dish_cap,3.079671327909799,0.6079850221406993
ceramicnet_000570,dish_cap,1.3173648158453386,-1.9932554296245477
ceramicnet_000571,dish_cap,-1.2132869430496596,-3.937783092809575
ceramicnet_000572,dish_cap,2.3050894261086756,1.7719522414953637
ceramicnet_000573,dish_cap,1.3004589054041464,0.8362129658611845
ceramicnet_000574,dish_cap,1.425736462440643,0.24600573369023998
ceramicnet_000575,dish_cap,0.2512003714837882,-0.40473575015518587
ceramicnet_000576,dish_cap,2.1875124498433975,0.014121101473447232
ceramicnet_000577,dish_cap,1.974918367587943,0.20324372951960407
ceramicnet_000578,dish_cap,2.646207144695334,2.429629136328347
ceramicnet_000579,dish_cap,0.8348909267015329,-0.9503901032278733
ceramicnet_000580,dish_cap,3.5034727467619815,1.9103435331148355
ceramicnet_000581,dish_cap,1.2084568325043277,-1.034089016006222
ceramicnet_000582,dish_cap,1.4533584006848033,0.864168444728996
ceramicnet_000583,dish_cap,0.6227686000225023,-1.0082865007651625
ceramicnet_000584,dish_cap,2.0713111818295826,0.0405003348751904
ceramicnet_000585,dish_cap,2.917765547802199,1.2312675556024395
ceramicnet_000586,dish_cap,0.020270191687881706,-0.7095477119619087
ceramicnet_000587,dish_cap,0.9569992066299711,-0.6085530554114573
ceramicnet_000588,dish_cap,0.10178464886746487,-1.8020019313866085
ceramicnet_000589,dish_cap,2.274170137377283,1.2954704163704938
ceramicnet_000590,dish_cap,1.8193290227923937,1.2832022362725
ceramicnet_000591,dish_cap,1.5070196897704886,-0.2525547170618759
ceramicnet_000592,dish_cap,2.58454190215139,1.1736372680800435
ceramicnet_000593,dish_cap,1.8713689874643364,-0.297370043348798
ceramicnet_000594,dish_cap,1.8595298257968527,1.3850855300391094
ceramicnet_000595,dish_cap,1.1996997677856798,-0.39305517159867814
ceramicnet_000596,dish_cap,3.007175715625005,1.3271860868231373
ceramicnet_000597,dish_cap,3.181406754490393,1.8821587323176694
ceramicnet_000598,dish_cap,2.0850312113708775,-0.15643431877086275
ceramicnet_000599,dish_cap,2.751343398882395,0.7329189279289372
ceramicnet_000600,dish_cap,0.8623594524500097,-0.7178955418220256
ceramicnet_000601,dish_cap,2.2742420291415373,2.096717845966474
ceramicnet_000602,dish_cap,1.250195836212454,-1.233805835643751
ceramicnet_000603,dish_cap,2.0795135881716496,-0.4847240440992952
ceramicnet_000604,dish_cap,2.541482916449003,1.3469695766123775
ceramicnet_000605,dish_cap,2.8771736149937586,0.6048754708095253
ceramicnet_000606,dish_cap,3.872008192393999,1.928096384947496
ceramicnet_000607,dish_cap,1.890542379130069,-0.2409138951942486
ceramicnet_000608,dish_cap,1.985446711581196,0.939522095344591
ceramicnet_000609,dish_cap,1.113789496126616,-1.5237123371994554
ceramicnet_000610,dish_cap,-0.6108056659993507,-4.3748750341915095
ceramicnet_000611,dish_cap,0.17878549732849128,-3.3086089462519617
ceramicnet_000612,dish_cap,2.750278123254853,1.698322115615689
ceramicnet_000613,dish_cap,1.632614687819919,0.6065432565753478
ceramicnet_000614,dish_cap,-1.1357088441024101,-3.776602472748918
ceramicnet_000615,dish_cap,1.4614464372758096,-0.9127370077915731
ceramicnet_000616,dish_cap,0.6412212527949154,-2.630907462966611
ceramicnet_000617,dish_cap,3.417312486163072,0.654183252562275
ceramicnet_000618,dish_cap,1.894123997922463,0.5964568014746222
ceramicnet_000619,dish_cap,1.645204389572776,0.5076689711179642
ceramicnet_000620,dish_cap,1.4277190151044215,0.10254475346520299
ceramicnet_000621,dish_cap,2.644485296949358,-0.1804879810952261
ceramicnet_000622,dish_cap,3.1285643942399983,1.8241020982675917
ceramicnet_000623,dish_cap,2.7943827154948577,2.2152501168384098
ceramicnet_000624,dish_cap,1.6224925488031172,0.3835042568362146
ceramicnet_000625,dish_cap,1.8392084373891808,0.40395477190177764
ceramicnet_000626,dish_cap,3.3490231062131275,0.8378550578554453
ceramicnet_000627,dish_cap,2.9389132282892994,1.3294231164424597
ceramicnet_000628,dish_cap,2.0409769678529197,-1.2349792417956396
ceramicnet_000629,dish_cap,1.0924417720620299,0.6720100757567663
ceramicnet_000630,dish_cap,3.5798946604222426,2.092180393561736
ceramicnet_000631,dish_cap,2.494329811291707,0.9501687872237157
ceramicnet_000632,dish_cap,1.9097798260287349,0.5218821742447274
ceramicnet_000633,dish_cap,1.956065378709515,-0.071344909644429
ceramicnet_000634,dish_cap,3.0140890497678465,0.41525911707910196
ceramicnet_000635,dish_cap,-0.4602178062541655,-2.1892877434997646
ceramicnet_000636,dish_cap,-0.1303166762658405,-1.8365880503195058
ceramicnet_000637,dish_cap,1.7533462027838396,-0.5269496231637041
ceramicnet_000638,dish_cap,1.0245380293644872,-1.6288215872179734
ceramicnet_000639,dish_cap,1.0893170686875464,-1.1271245745569136
ceramicnet_000640,dish_cap,0.19088859232827185,-3.5782439940705357
ceramicnet_000641,dish_cap,1.0947246568094393,-2.180583080674376
ceramicnet_000642,dish_cap,1.7574839861891651,-0.9935581016942296
ceramicnet_000643,dish_cap,1.974415988613465,-1.302797439982282
ceramicnet_000644,dish_cap,3.5568981628963074,1.030282312843297
ceramicnet_000645,dish_cap,3.181456077564225,0.15143356972670324
ceramicnet_000646,dish_cap,1.3292641958825056,-0.8564777389282772
ceramicnet_000647,dish_cap,0.6996259664186038,-1.9215639547110996
ceramicnet_000648,dish_cap,1.0384332304786392,-2.320730685437201
ceramicnet_000649,dish_cap,1.01193710821022,0.5482213065670191
ceramicnet_000650,dish_cap,1.7157625725031678,-0.11442484589271805
ceramicnet_000651,dish_cap,2.405354043896715,0.46234373605561474
ceramicnet_000652,dish_cap,4.678566633708644,3.035222190379387
ceramicnet_000653,dish_cap,2.5652469831106908,1.1965191221992935
ceramicnet_000654,dish_cap,2.8401740645062072,0.8767890521185516
ceramicnet_000655,dish_cap,1.8004775279019363,0.338900107108945
ceramicnet_000656,dish_cap,2.533081217193272,1.3520837270516295
ceramicnet_000657,dish_cap,2.4623000431042072,0.5242788020550984
ceramicnet_000658,dish_cap,3.1137727637752644,1.4490111841526647
ceramicnet_000659,dish_cap,1.3545555301947247,0.06941321426259149
ceramicnet_000660,dish_cap,1.528889613622104,0.2160417954858059
ceramicnet_000661,dish_cap,2.1512910569219876,0.6843176749944334
ceramicnet_000662,dish_cap,1.7603432426444552,0.33022438849990116
ceramicnet_000663,dish_cap,1.477172890307784,-0.7531256613058941
ceramicnet_000664,dish_cap,1.3886067471664718,0.46399052807572894
ceramicnet_000665,dish_cap,-0.639912582987263,-3.813992717554195
ceramicnet_000666,dish_cap,1.9816747574998512,-0.9764334913387903
ceramicnet_000667,dish_cap,3.442709241261287,0.21702110260437346
ceramicnet_000668,dish_cap,2.11889072010746,0.49338618634484094
ceramicnet_000669,dish_cap,2.431206645405586,0.36373690535963593
ceramicnet_000670,dish_cap,2.7646822529750197,1.949111632632147
ceramicnet_000671,dish_cap,2.7104792174366232,0.059794154294852256
ceramicnet_000672,dish_cap,2.118125020567163,-0.9231433992916369
ceramicnet_000673,dish_cap,3.9860708675468954,2.3355523197278867
ceramicnet_000674,dish_cap,0.9820880113541605,-1.149967136637024
ceramicnet_000675,dish_cap,2.1649893896321855,0.8419478368569583
ceramicnet_000676,dish_cap,4.2267314144691355,3.4057060617738646
ceramicnet_000677,dish_cap,3.002441609596167,2.536133817110302
ceramicnet_000678,dish_cap,0.9961518235985148,-2.4353939042364248
ceramicnet_000679,dish_cap,0.8498037040045068,-2.157359785868206
ceramicnet_000680,dish_cap,-0.3079697992216742,-4.4879986240165906
ceramicnet_000681,dish_cap,3.1901816605827396,2.5856145110166944
ceramicnet_000682,dish_cap,1.5169119104803388,-2.6241348713238226
ceramicnet_000683,dish_cap,2.522440275553144,-0.20941939313319252
ceramicnet_000684,dish_cap,1.5202619313274488,0.8453595890496889
ceramicnet_000685,dish_cap,2.404919984195166,0.7028848970539764
ceramicnet_000686,dish_cap,1.8472003741117007,0.4954286811795631
ceramicnet_000687,dish_cap,2.446690190635413,0.10761001180008556
ceramicnet_000688,dish_cap,2.432289810530083,0.012570847966019483
ceramicnet_000689,dish_cap,3.273786707981434,1.0282706938562924
ceramicnet_000690,dish_cap,1.6172717207230825,-0.803068006044388
ceramicnet_000691,dish_cap,3.3415905853372183,1.4733640617504813
ceramicnet_000692,dish_cap,1.80801215256075,-1.490301601235922
ceramicnet_000693,dish_cap,0.8219705494440133,-2.397048594159186
ceramicnet_000694,dish_cap,3.0159636799014846,1.6214103840213758
ceramicnet_000695,dish_cap,-0.827604682505736,-4.405675504142571
ceramicnet_000696,dish_cap,2.72493957566321,1.2218984563887336
ceramicnet_000697,dish_cap,0.7056195470204373,-2.1136468645053945
ceramicnet_000698,dish_cap,1.3821058064324285,-1.9721883623393774
ceramicnet_000699,dish_cap,2.7488405668710363,0.5043726791269777
ceramicnet_000700,dish_cap,1.1182220173447264,-0.2734574612369441
ceramicnet_000701,dish_cap,0.35815490908448266,-2.9788375111614243
ceramicnet_000702,dish_cap,2.0130993429325885,-0.7183559920317361
ceramicnet_000703,dish_cap,3.4571826938721846,1.6795651554942468
ceramicnet_000704,dish_cap,2.6971474073776274,0.3675717378833377
ceramicnet_000705,dish_cap,3.0248196940221823,1.1140415858838846
ceramicnet_000706,dish_cap,2.7496449008594475,0.38280696960208366
ceramicnet_000707,dish_cap,3.2941585223446306,0.7917648658590264
ceramicnet_000708,dish_cap,3.2169095443142424,1.4587336973974572
ceramicnet_000709,dish_cap,2.4986872993418046,0.846367888305528
ceramicnet_000710,dish_cap,2.1880099874134182,0.699243315292871
ceramicnet_000711,dish_cap,1.635106228100729,-0.9883308675650427
ceramicnet_000712,dish_cap,0.3220595605719133,-2.1963009773624353
ceramicnet_000713,dish_cap,1.281089568211161,-2.6637618379298296
ceramicnet_000714,dish_cap,-0.8777158473621585,-4.336572371458759
ceramicnet_000715,dish_cap,2.961168548562768,0.4757050414366128
ceramicnet_000716,dish_cap,2.892642781117936,0.057682264490578415
ceramicnet_000717,dish_cap,2.2509227603174007,0.06813264361081152
ceramicnet_000718,dish_cap,1.6518380977325442,0.4354717316311852
ceramicnet_000719,dish_cap,1.8681660420377622,-0.6230844507922455
ceramicnet_000720,dish_cap,1.9936399583111433,0.5230510374097848
ceramicnet_000721,dish_cap,2.230583649028768,1.8180137060396564
ceramicnet_000722,dish_cap,3.7447347421110266,2.3750098481483155
ceramicnet_000723,dish_cap,0.6346556302447509,-1.5539072003824137
ceramicnet_000724,dish_cap,0.9811987497783098,-1.5258481632585963
ceramicnet_000725,dish_cap,1.8705022570655987,0.06109173753374792
ceramicnet_000726,dish_cap,1.3646013265982755,-0.9204988098184385
ceramicnet_000727,dish_cap,1.7725175357977807,-0.1579835366534593
ceramicnet_000728,dish_cap,3.2582846148244373,1.4022861930368764
ceramicnet_000729,dish_cap,2.3451154651343504,1.0389982390841925
ceramicnet_000730,dish_cap,-0.8716092625384568,-4.064839845253313
ceramicnet_000731,dish_cap,1.154796725480859,-0.4152831469867973
ceramicnet_000732,dish_cap,2.9739865745241234,0.18253220267112696
ceramicnet_000733,dish_cap,1.9458595893527515,0.28049910894364777
ceramicnet_000734,dish_cap,1.7903578756935294,0.4317476733535891
ceramicnet_000735,dish_cap,1.3807993040838606,-0.09430442367511377
ceramicnet_000736,dish_cap,3.423576095803824,1.9928972427117941
ceramicnet_000737,dish_cap,2.5423807827010014,0.005594071962240655
ceramicnet_000738,dish_cap,2.1484124195856698,-0.24466446052023755
ceramicnet_000739,dish_cap,2.6303958402561287,0.1267848915273082
ceramicnet_000740,dish_cap,1.0660525736578363,-1.982778156066654
ceramicnet_000741,dish_cap,2.1940654315608823,0.5002237506350746
ceramicnet_000742,dish_cap,0.9881133660410322,-1.154713432926825
ceramicnet_000743,dish_cap,2.9208220406046226,1.125233513881762
ceramicnet_000744,dish_cap,1.5859128596437746,-2.0454589678358257
ceramicnet_000745,dish_cap,0.69805193253047,-2.1299850578769877
ceramicnet_000746,dish_cap,-0.5229579221512471,-4.033790645994727
ceramicnet_000747,dish_cap,2.0407007947276106,-0.846172930289843
ceramicnet_000748,dish_cap,1.870258421168961,-0.7669019591285501
ceramicnet_000749,dish_cap,2.2588570417324103,0.7756743907026519
ceramicnet_000750,dish_cap,2.6557188914087724,0.2607135750723563
ceramicnet_000751,dish_cap,2.968862555178985,2.060629893535123
ceramicnet_000752,dish_cap,-1.2612001289479622,-4.117138158656183
ceramicnet_000753,dish_cap,-0.15076819740960476,-1.327962180972571
ceramicnet_000754,dish_cap,1.7002482078299377,-0.6575417055758107
ceramicnet_000755,dish_cap,3.053843922651479,1.4911081019545305
ceramicnet_000756,dish_cap,1.9702171238331705,0.10351217370626034
ceramicnet_000757,dish_cap,3.785120407963973,1.8907519631866714
ceramicnet_000758,dish_cap,3.1049831878765617,2.4158989389640295
ceramicnet_000759,dish_cap,1.6771709674650734,0.4681963295821505
ceramicnet_000760,dish_cap,1.7133973042195705,-2.4618361049475053
ceramicnet_000761,dish_cap,-0.17210773692632608,-2.923858099454613
ceramicnet_000762,dish_cap,0.8406360069468071,-0.9482194752179884
ceramicnet_000763,dish_cap,1.8869286129187426,1.6079698583328463
ceramicnet_000764,dish_cap,0.17187671183561556,-1.714476138180201
ceramicnet_000765,dish_cap,2.0662196818594696,-0.7632448212443431
ceramicnet_000766,dish_cap,-0.8525863702187567,-4.375960339191004
ceramicnet_000767,dish_cap,1.8919360317249503,-0.6410157403210218
ceramicnet_000768,dish_cap,1.3383338422403517,-0.2196391241977849
ceramicnet_000769,dish_cap,3.1493344469544815,1.9175069118135917
ceramicnet_000770,dish_cap,1.8016735630758647,0.01321125228902383
ceramicnet_000771,dish_cap,1.275489498696936,-0.2735146073391117
ceramicnet_000772,dish_cap,3.4349360608467476,1.7068105939531422
ceramicnet_000773,dish_cap,0.14835334510306666,-1.4855985239634544
ceramicnet_000774,dish_cap,2.470611654148012,1.5090318817598216
ceramicnet_000775,dish_cap,1.9594854707092955,0.017685184516818955
ceramicnet_000776,dish_cap,3.1742849027779183,0.35570177390463603
ceramicnet_000777,dish_cap,1.9404878996908572,-0.5609811959817421
ceramicnet_000778,dish_cap,1.9091353998772482,-0.08130228427100136
ceramicnet_000779,dish_cap,2.697451304983125,1.5401794263801036
ceramicnet_000780,dish_cap,3.4717317952347977,-0.4240388136500092
ceramicnet_000781,dish_cap,2.317795034724272,0.7379680192020328
ceramicnet_000782,dish_cap,-1.6178418889084647,-4.114331261576746
ceramicnet_000783,dish_cap,-0.31111049664319734,-4.252523453279039
ceramicnet_000784,dish_cap,1.8786346727073442,-0.09978184800240313
ceramicnet_000785,dish_cap,3.6345797816339,2.390062440366597
ceramicnet_000786,dish_cap,-1.4930057917378592,-4.301130826821117
ceramicnet_000787,dish_cap,-0.34861453292000855,-4.204695400135039
ceramicnet_000788,dish_cap,2.302912539293615,1.1314756844891547
ceramicnet_000789,dish_cap,2.3123850491218563,-0.7659983066190764
ceramicnet_000790,dish_cap,1.9551897087549783,0.1088844304214288
ceramicnet_000791,dish_cap,2.077332087095464,0.20828873242230392
ceramicnet_000792,dish_cap,1.3390629350016328,-0.5897565064154978
ceramicnet_000793,dish_cap,1.7122619108899586,-1.488159980434183
ceramicnet_000794,dish_cap,1.105002663541498,-1.1466099561677578
ceramicnet_000795,dish_cap,2.6316412679038614,0.932958556782485
ceramicnet_000796,dish_cap,1.4875493935285535,-0.5318511107461668
ceramicnet_000797,dish_cap,2.3320688088507353,1.0392489894233503
ceramicnet_000798,dish_cap,0.9819261145417905,-0.6397177491599274
ceramicnet_000799,dish_cap,0.8743634915595154,-1.1271438694906433
ceramicnet_000800,dish_cap,0.14993441816854958,-3.082124215811959
ceramicnet_000801,dish_cap,1.1803143718750433,-0.5156775840136544
ceramicnet_000802,dish_cap,-0.4027333167481402,-2.038230729818579
ceramicnet_000803,dish_cap,0.9982145443596657,-1.2397031398458298
ceramicnet_000804,dish_cap,0.946636643445943,-0.21510077365372468
ceramicnet_000805,dish_cap,1.379460628060132,-0.849621381649346
ceramicnet_000806,dish_cap,1.5803593390760033,-0.8222235884823763
ceramicnet_000807,dish_cap,2.2509874308071294,2.5982427070223943
ceramicnet_000808,dish_cap,-0.8295623045244321,-4.124306301182702
ceramicnet_000809,dish_cap,0.7660845570593768,-2.634555477870084
ceramicnet_000810,dish_cap,-0.6129507653147409,-3.4215519418910683
ceramicnet_000811,dish_cap,-0.9720345656136424,-3.336046271977162
ceramicnet_000812,dish_cap,1.2248859622535238,-1.4250661151211053
ceramicnet_000813,dish_cap,0.20084993572820256,-0.7551822032803299
ceramicnet_000814,dish_cap,0.23119202049492726,-0.13966894395527252
ceramicnet_000815,dish_cap,-0.2865916284302017,-1.9487204022424056
ceramicnet_000816,dish_cap,3.650086190428472,1.0755358766238485
ceramicnet_000817,dish_cap,1.850203166836679,0.9729235867114283
ceramicnet_000818,dish_cap,2.459751475321903,0.8593750629756092
ceramicnet_000819,dish_cap,1.069756076064616,-1.54018610341688
ceramicnet_000820,dish_cap,-0.3378995450900557,-3.7665545713455124
ceramicnet_000821,dish_cap,2.045269607630457,-0.6536814716629785
ceramicnet_000822,dish_cap,1.8966052294273472,-0.0905199879596496
ceramicnet_000823,dish_cap,0.47535740919395114,-0.066738954669288
ceramicnet_000824,dish_cap,1.0242866207407608,-2.2713647564247252
ceramicnet_000825,dish_cap,3.7809129031024797,1.4053565854848242
ceramicnet_000826,dish_cap,1.9976885332930414,-0.870289727723645
ceramicnet_000827,dish_cap,2.5210198307603005,0.9029652501529956
ceramicnet_000828,dish_cap,4.825927036858204,2.4898732034301982
ceramicnet_000829,dish_cap,2.4720505154387107,0.5713253416345081
ceramicnet_000830,dish_cap,0.6391531040236488,-1.9303403438108993
ceramicnet_000831,dish_cap,-0.645433973224346,-3.151089229883447
ceramicnet_000832,dish_cap,0.790105393226297,-0.32702669991084016
ceramicnet_000833,dish_cap,1.816856487134842,0.1139247882685559
ceramicnet_000834,dish_cap,0.4743480897102616,-2.8997035768371298
ceramicnet_000835,dish_cap,0.24138031702278942,-3.5438440513731346
ceramicnet_000836,dish_cap,2.882866466063585,0.26446850087227014
ceramicnet_000837,dish_cap,0.7075314442897803,-1.5947791701033895
ceramicnet_000838,dish_cap,1.7633412927089054,0.2191927005599416
ceramicnet_000839,dish_cap,2.1671257759949203,0.44514710797920015
ceramicnet_000840,dish_cap,1.7444959885363645,0.18728496554623988
ceramicnet_000841,dish_cap,0.39564414398110664,-0.40706254840663897
ceramicnet_000842,dish_cap,-0.1507992615553831,1.6704345965208631
ceramicnet_000843,dish_cap,2.069363607241533,0.41506392721810015
ceramicnet_000844,dish_cap,2.3778998141602137,1.2299587179667788
ceramicnet_000845,dish_cap,2.615478278933701,0.36824571631181163
ceramicnet_000846,dish_cap,0.8879334045870836,-1.1874982494766049
ceramicnet_000847,dish_cap,2.777025654640885,1.039775298499142
ceramicnet_000848,dish_cap,3.247524622985334,0.7122791098993296
ceramicnet_000849,dish_cap,2.9815643508694043,1.1008016829815828
ceramicnet_000850,dish_cap,1.04923583594359,-0.24641901994234802
ceramicnet_000851,dish_cap,4.321875315987875,3.779597840568369
ceramicnet_000852,dish_cap,2.6132533130670375,0.581090088475729
ceramicnet_000853,dish_cap,1.7805176425605984,0.26527299898239215
ceramicnet_000854,dish_cap,1.61597305907315,1.7081178872224654
ceramicnet_000855,dish_cap,3.5478623225161,1.2153358906480323
ceramicnet_000856,dish_cap,1.9596711247695537,1.0926882236235593
ceramicnet_000857,dish_cap,3.1085112312773586,1.0306299585012524
ceramicnet_000858,dish_cap,4.182272690667403,2.8508302195485604
ceramicnet_000859,plate,1.4203483508789327,-1.4672175725752348
ceramicnet_000860,plate,1.8946144514355532,-1.1291570667222572
ceramicnet_000861,plate,1.854826979931532,-1.370458524967021
ceramicnet_000862,plate,2.5456842154083232,1.1013346105416475
ceramicnet_000863,plate,0.1675703057451603,-3.8772419767893656
ceramicnet_000864,plate,2.0923756834643745,-1.0163828794990082
ceramicnet_000865,plate,2.7352730915704484,-0.5512338610691451
ceramicnet_000866,plate,-0.0855963869559089,-3.905565294551065
ceramicnet_000867,plate,0.7275818994661699,-2.753770713810218
ceramicnet_000868,plate,1.2626627965196981,-0.283374150982668
ceramicnet_000869,plate,1.8536323415380163,-1.4627977429443242
ceramicnet_000870,plate,0.8477516456691074,-2.4168439110449293
ceramicnet_000871,plate,1.5024871409313938,-0.8456865201867398
ceramicnet_000872,plate,3.5961984246124343,2.470928354353075
ceramicnet_000873,plate,2.454005643648048,-0.035093414635516386
ceramicnet_000874,plate,2.254654850136773,-1.3714425523577558
ceramicnet_000875,plate,1.9770990205374508,2.0294135300862175
ceramicnet_000876,plate,1.1036688406521664,-1.657334311490087
ceramicnet_000877,plate,2.000691825269889,0.2226426151751566
ceramicnet_000878,plate,1.662086165136122,-0.32093393569422896
ceramicnet_000879,plate,2.822966722534692,1.2065001806607394
ceramicnet_000880,plate,0.10173568862876893,-1.8677892935039417
ceramicnet_000881,plate,1.1752358497534274,-0.8665512311247353
ceramicnet_000882,plate,0.571648448995228,-1.8380647480244945
ceramicnet_000883,plate,1.691546740669802,-0.5801198229455423
ceramicnet_000884,plate,2.9622191076872286,1.409315744781258
ceramicnet_000885,plate,2.4005851140987535,0.898998172377109
ceramicnet_000886,plate,3.123671251102927,1.1923086213626688
ceramicnet_000887,plate,1.4252559589891605,-1.1263751975300764
ceramicnet_000888,plate,2.3170784971330156,0.8858802116089022
ceramicnet_000889,plate,1.8949303569790674,-1.4410256901270575
ceramicnet_000890,plate,2.0098921712561877,-0.22335270642754151
ceramicnet_000891,plate,2.289826059794598,0.3802654020421785
ceramicnet_000892,plate,3.0495977687785563,0.9271745412077081
ceramicnet_000893,plate,1.7033134587076235,-0.726797894558023
ceramicnet_000894,plate,2.579971658694412,-1.1672109725141808
ceramicnet_000895,plate,3.0087605553394456,0.9915269862385849
ceramicnet_000896,plate,1.7124064530026388,-0.9745022360846388
ceramicnet_000897,plate,3.1839439398034854,-0.17388338154904853
ceramicnet_000898,plate,1.8746092820678624,-0.8291162202991439
ceramicnet_000899,plate,1.8852109107066048,-0.28711874456530645
ceramicnet_000900,plate,0.9926598481368707,-1.46396755509993
ceramicnet_000901,plate,3.912543529589939,1.2714465256451546
ceramicnet_000902,plate,3.1440180818975008,0.6975877198515106
ceramicnet_000903,plate,1.2010456515478556,-1.8651737895206169
ceramicnet_000904,plate,2.3800164639011756,0.1222516487181161
ceramicnet_000905,plate,1.7147247756201893,-1.1199012465849305
ceramicnet_000906,plate,2.5129649667536524,1.0626760633962744
ceramicnet_000907,plate,2.233507203805099,-0.7233853817489586
ceramicnet_000908,plate,3.916587779831064,1.7800549503598246
ceramicnet_000909,plate,2.893795166190355,0.016288672452218485
ceramicnet_000910,plate,2.018026172982159,-0.20151540055031067
ceramicnet_000911,plate,2.56500411089088,1.288133375573526
ceramicnet_000912,plate,1.719992127552029,-1.1766663074914716
ceramicnet_000913,plate,2.6028388341117057,-1.3934355067901671
ceramicnet_000914,plate,1.3792566793026608,-2.8557877454148555
ceramicnet_000915,plate,2.7161956063156043,1.0909269836188449
ceramicnet_000916,plate,2.5366687391653326,0.19607280486460743
vfm_000000,iberian_vessel_complete,-1.5602241749765422,-3.5107341953533857
vfm_000989,iberian_vessel_complete,-1.1054187388324137,-3.20629724869773
vfm_001978,iberian_vessel_complete,-0.6667737266045907,-3.374942197831062
vfm_002967,iberian_vessel_complete,-4.04592521747082,-2.1067311652614547
vfm_003956,iberian_vessel_complete,-3.2171311724570386,-3.5271889919318067
vfm_004945,iberian_vessel_complete,-4.466928524043213,-1.2810162839631796
vfm_005934,iberian_vessel_complete,-2.089978735524991,-3.6960666285976886
vfm_006923,iberian_vessel_complete,-9.563677184215281,2.8422822359189364
vfm_007912,iberian_vessel_complete,-7.840419196894957,3.834609524582251
vfm_008901,iberian_vessel_complete,-5.4409985950768975,0.5309896680396738
vfm_009890,iberian_vessel_complete,-6.88068672888423,0.773930296671768
vfm_010879,iberian_vessel_complete,-3.7522578239730793,-2.1358394942698204
vfm_011868,iberian_vessel_complete,-1.8387035877860858,-3.893806907778709
vfm_012857,iberian_vessel_complete,-8.50901875181265,2.0672700948162346
vfm_013846,iberian_vessel_complete,-3.724755148713722,-2.7135273687649835
vfm_014835,iberian_vessel_complete,-4.430919719906574,5.303226183024904
vfm_015824,iberian_vessel_complete,-8.624182272036913,3.5551670441100374
vfm_016813,iberian_vessel_complete,-7.244063285358527,3.6763974217666315
vfm_017802,iberian_vessel_complete,-1.6418328259124846,-2.719978644094524
vfm_018791,iberian_vessel_complete,-2.5902797135977313,-4.267597584884089
vfm_019780,iberian_vessel_complete,-6.842508033175801,3.677115322696221
vfm_020769,iberian_vessel_complete,-7.543430850608433,4.38580740648465
vfm_021758,iberian_vessel_complete,-2.1229851142007754,-4.229426271930957
vfm_022747,iberian_vessel_complete,-7.550289332527241,2.268248095361123
vfm_023736,iberian_vessel_complete,-4.5763334939254845,0.15029103375662506
vfm_024725,iberian_vessel_complete,-1.9597273063274403,-4.392732530609958
vfm_025714,iberian_vessel_complete,-7.723682935699178,4.006030243383993
vfm_026703,iberian_vessel_complete,-9.316737860325981,2.255120617648117
vfm_027692,iberian_vessel_complete,-9.403306767228033,3.2029741598637216
vfm_028681,iberian_vessel_complete,-2.2811434484755924,-3.891799882589245
vfm_029670,iberian_vessel_complete,-1.6709223044307187,-3.025163061157078
vfm_030659,iberian_vessel_complete,-2.5439432017960675,-3.2065879529873835
vfm_031648,iberian_vessel_complete,-11.189062750474674,1.9995187099894454
vfm_032637,iberian_vessel_complete,-4.8732616520649525,4.519261634268919
vfm_033626,iberian_vessel_complete,-4.4417875022653766,5.250228804702066
vfm_034615,iberian_vessel_complete,-7.65448856957097,4.374237643581865
vfm_035604,iberian_vessel_complete,-9.734660845405683,2.2989423368024413
vfm_036593,iberian_vessel_complete,-4.889343410854707,4.959006581543983
vfm_037582,iberian_vessel_complete,-2.3988637659659644,-3.2569324507011306
vfm_038571,iberian_vessel_complete,-3.362079698582772,-3.5932496555602085
vfm_039560,iberian_vessel_complete,-6.801180414033118,4.053491056888505
vfm_040549,iberian_vessel_complete,-1.8081236164124777,-2.8821209603735056
vfm_041538,iberian_vessel_complete,-9.987993277347242,3.0834866027582284
vfm_042527,iberian_vessel_complete,-4.214377156898513,-0.3100812485919326
vfm_043516,iberian_vessel_complete,-2.386321134474889,-3.9514603016908296
vfm_044505,iberian_vessel_complete,-5.41576686445565,-0.26709205819125814
vfm_045494,iberian_vessel_complete,-8.155545856950278,0.35226342874793676
vfm_046483,iberian_vessel_complete,-8.325100976652557,3.283268294199481
vfm_047472,iberian_vessel_complete,-2.1387934749138235,-3.587283973367652
vfm_048461,iberian_vessel_complete,-9.688770892083776,1.8380462747097865
vfm_049450,iberian_vessel_complete,-4.673349094374703,4.544410391901507
vfm_050439,iberian_vessel_complete,-1.8951092647464711,-3.2167913577219935
vfm_051428,iberian_vessel_complete,-1.3287455974266813,-2.4139188974546886
vfm_052417,iberian_vessel_complete,-2.3395186666520136,-4.172950643744931
vfm_053406,iberian_vessel_complete,-8.731845876150434,-1.900227347933006
vfm_054395,iberian_vessel_complete,-8.345609039759852,3.7583163439441147
vfm_055384,iberian_vessel_complete,-9.336375170437785,3.7963776896312567
vfm_056373,iberian_vessel_complete,-10.601112388320814,-0.4452918124370641
vfm_057362,iberian_vessel_complete,-9.791975392614845,2.1894504845337033
vfm_058351,iberian_vessel_complete,-9.445885379115309,1.269197529087032
vfm_059340,iberian_vessel_complete,-10.431248988221709,0.801915567878583
vfm_060329,iberian_vessel_complete,-8.203515895732192,4.107544782622345
vfm_061318,iberian_vessel_complete,-3.6579042878299224,0.48680878244476355
vfm_062307,iberian_vessel_complete,-0.6325745464203627,-3.3011745885937
vfm_063296,iberian_vessel_complete,-6.190826993143484,4.713337514611958
vfm_064285,iberian_vessel_complete,-2.041485727912856,-3.2942191597116706
vfm_065274,iberian_vessel_complete,-9.243911927058937,2.8578872302942866
vfm_066263,iberian_vessel_complete,-9.209899935761012,3.2675020139096405
vfm_067252,iberian_vessel_complete,-1.7714970246584179,-2.9597161280496342
vfm_068241,iberian_vessel_complete,-8.662657906210264,3.4849218867869087
vfm_069230,iberian_vessel_complete,-10.175812287186693,2.370551606783085
vfm_070219,iberian_vessel_complete,-6.187563250916595,3.880255822690939
vfm_071208,iberian_vessel_complete,-0.5078394577558342,-3.0814728020541864
vfm_072197,iberian_vessel_complete,-1.9330160160195171,-4.011153631687536
vfm_073186,iberian_vessel_complete,-1.4781826739422415,-3.6287098053335494
vfm_074175,iberian_vessel_complete,-1.6152233305158983,-3.574067831926738
vfm_075164,iberian_vessel_complete,-1.3410120786932125,-3.4052123433515407
vfm_076153,iberian_vessel_complete,-1.7370387352377765,-2.334772232070645
vfm_077142,iberian_vessel_complete,-3.264244750996854,-3.201788668378617
vfm_078131,iberian_vessel_complete,-9.609781986898666,0.8236084826804629
vfm_079120,iberian_vessel_complete,-2.737413907290891,-4.177746315017176
vfm_080109,iberian_vessel_complete,-2.892678107301041,-3.49446252151702
vfm_081098,iberian_vessel_complete,-3.005471620825985,-4.067002135782922
vfm_082087,iberian_vessel_complete,-3.1408337734886755,-2.8217164099770726
vfm_083076,iberian_vessel_complete,-0.8801387675531397,-3.7092503260749576
vfm_084065,iberian_vessel_complete,-8.382010598718773,3.6378704432367948
vfm_085054,iberian_vessel_complete,-2.2190701895197766,-2.90905214976081
vfm_086043,iberian_vessel_complete,-6.866927661343966,4.368329356690425
vfm_087032,iberian_vessel_complete,-1.1570564569396342,-3.540972888956712
vfm_088021,iberian_vessel_complete,-6.227765484891406,4.264252230456913
vfm_089010,iberian_vessel_complete,-4.628977374368295,4.963706307454383
vfm_089999,iberian_vessel_complete,-9.17472647963209,-0.20193361520723355
vfm_090988,iberian_vessel_complete,-8.65695906310105,2.271403511607608
vfm_091977,iberian_vessel_complete,-8.965144774554654,3.3893941462185424
vfm_092966,iberian_vessel_complete,-7.741393607173624,3.6360356296443728
vfm_093955,iberian_vessel_complete,-4.4408314697610844,4.449789871613143
vfm_094944,iberian_vessel_complete,-9.34540490309396,2.221958147058497
vfm_095933,iberian_vessel_complete,-9.289402390376798,2.9096224055715987
vfm_096922,iberian_vessel_complete,-11.76124472539119,0.3029130068292351
vfm_097911,iberian_vessel_complete,-6.322623736157512,4.261528842802698
vfm_098900,iberian_vessel_complete,-4.986772487297712,4.381929028148066
vfm_099889,iberian_vessel_complete,-6.32090121549492,3.5555539590476
vfm_100878,iberian_vessel_complete,-2.2237578102683604,-3.8377325231112964
vfm_101867,iberian_vessel_complete,-2.5234750911242365,-3.041888703950948
vfm_102856,iberian_vessel_complete,-9.11539465031001,2.1824069337526244
vfm_103845,iberian_vessel_complete,-1.781728700737339,-3.5916820899339754
vfm_104834,iberian_vessel_complete,-2.052659267624054,-3.8297421466370483
vfm_105823,iberian_vessel_complete,-1.9582065219926974,-3.0643055658531644
vfm_106812,iberian_vessel_complete,-3.8443911206864403,3.2156289162031446
vfm_107801,iberian_vessel_complete,-1.3464910516085657,-3.041005494420635
vfm_108790,iberian_vessel_complete,-10.501610078473211,-1.0010579064928078
vfm_109779,iberian_vessel_complete,-1.6535747167772183,-3.311041353884761
vfm_110768,iberian_vessel_complete,-5.920636704115208,3.148323463937441
vfm_111757,iberian_vessel_complete,-1.1579054122760506,-3.8662565828893105
vfm_112746,iberian_vessel_complete,-8.739005075072008,1.21801536374172
vfm_113735,iberian_vessel_complete,-10.780048290400487,1.2285371723380678
vfm_114724,iberian_vessel_complete,-1.1707177076798059,-4.903091410847189
vfm_115713,iberian_vessel_complete,-1.6641830521215775,-4.283296703579774
vfm_116702,iberian_vessel_complete,-1.066715203326223,-5.726958814155211
vfm_117691,iberian_vessel_complete,-2.1807519732427925,-2.6614758807518477
vfm_118680,iberian_vessel_complete,-4.627955331206561,4.861682824459725
vfm_119669,iberian_vessel_complete,-12.945577626146527,1.4827968417556272
vfm_120658,iberian_vessel_complete,-10.10746822101649,2.279534107706599
vfm_121647,iberian_vessel_complete,-5.435252558607561,5.03979756511992
vfm_122636,iberian_vessel_complete,-6.225783082242124,4.285326649428041
vfm_123625,iberian_vessel_complete,-9.406164450161388,3.186002851562381
vfm_124614,iberian_vessel_complete,-2.7144913259641363,-4.185027445816774
vfm_125603,iberian_vessel_complete,-1.983492703244297,-3.1161206356487616
vfm_126592,iberian_vessel_complete,-1.6735283522618258,-3.0845676585488486
vfm_127581,iberian_vessel_complete,-2.2487504823017566,4.093647293688407
vfm_128570,iberian_vessel_complete,-9.083653307712744,2.61900105976279
vfm_129559,iberian_vessel_complete,-0.8647805619970325,-3.5568835262027454
vfm_130548,iberian_vessel_complete,-1.214633147983944,-3.1028209145871912
vfm_131537,iberian_vessel_complete,-1.9846221373537525,-4.288411807304463
vfm_132526,iberian_vessel_complete,-1.6649344154305388,-2.665376632340957
vfm_133515,iberian_vessel_complete,-1.581769550010145,-2.835057560571303
vfm_134504,iberian_vessel_complete,-7.243638620994541,-2.857377110902311
vfm_135493,iberian_vessel_complete,-1.932286388805105,-3.8301951793499156
vfm_136482,iberian_vessel_complete,-2.2988332111000935,-3.7628785735915735
vfm_137471,iberian_vessel_complete,-1.4866226551493036,-3.6680775930573324
vfm_138460,iberian_vessel_complete,-2.2036084571728156,-3.380418275368856
vfm_139449,iberian_vessel_complete,-2.164726573760801,-4.779082752597301
vfm_140438,iberian_vessel_complete,-3.433779163741839,-2.416119087335179
vfm_141427,iberian_vessel_complete,-2.683281360501274,-2.9450285782260988
vfm_142416,iberian_vessel_complete,-5.26719624379907,3.9822019969799602
vfm_143405,iberian_vessel_complete,-7.387757557891197,3.34471272895755
vfm_144394,iberian_vessel_complete,-2.2409863302138686,-4.474486901524809
vfm_145383,iberian_vessel_complete,-3.538878269810868,-2.695290417565222
vfm_146372,iberian_vessel_complete,-6.282206199583151,4.756778750384475
vfm_147361,iberian_vessel_complete,-3.5199493393771144,-4.355661788071534
vfm_148350,iberian_vessel_complete,-3.6054885860509844,-2.4361852716363837
vfm_149339,iberian_vessel_complete,-5.884727741032592,4.328486207791418
vfm_150328,iberian_vessel_complete,-5.4769145945289255,3.6626434442397415
vfm_151317,iberian_vessel_complete,-6.559509581053802,4.292091603860839
vfm_152306,iberian_vessel_complete,2.1442549316690647,7.102281469302996
vfm_153295,iberian_vessel_complete,-6.733979303918744,4.460461584691784
vfm_154284,iberian_vessel_complete,-2.926194203727521,-3.862678326312694
vfm_155273,iberian_vessel_complete,-5.216695942920652,5.049849022491663
vfm_156262,iberian_vessel_complete,-4.089023385009604,5.662855896818982
vfm_157251,iberian_vessel_complete,-3.4208164065172344,-2.72542120519285
vfm_158240,iberian_vessel_complete,-4.871501135329349,3.9134663828530476
vfm_159229,iberian_vessel_complete,-2.0373806547846107,-2.339206335284583
vfm_160218,iberian_vessel_complete,-4.267986756572982,5.0009505923622095
vfm_161207,iberian_vessel_complete,-11.546991176157595,1.4962470877003506
vfm_162196,iberian_vessel_complete,-12.955588579308536,-0.5328503943185958
vfm_163185,iberian_vessel_complete,-5.482404511226508,4.481679208814448
vfm_164174,iberian_vessel_complete,-6.964233275899617,4.3591122375268165
vfm_165163,iberian_vessel_complete,-8.1078889552572,3.848285446657959
vfm_166152,iberian_vessel_complete,-3.367279620194498,-2.652423361206199
vfm_167141,iberian_vessel_complete,-5.784388495605288,4.634165939994496
vfm_168130,iberian_vessel_complete,-3.2273857251330815,-3.3032477744551834
vfm_169119,iberian_vessel_complete,-6.246903190897063,4.578401415808549
vfm_170108,iberian_vessel_complete,-2.2098893580464885,-4.468752652037878
vfm_171097,iberian_vessel_complete,-0.7350908062829057,-3.9235762420527074
vfm_172086,iberian_vessel_complete,-6.67650727868193,4.309202688496909
vfm_173075,iberian_vessel_complete,-0.4671019242806141,-4.6456519221819805
vfm_174064,iberian_vessel_complete,-1.6623398965217877,-4.1373984222199995
vfm_175053,iberian_vessel_complete,-2.5681000720414167,-4.094684184436993
vfm_176042,iberian_vessel_complete,-11.316486498196532,0.9945137015210834
vfm_177031,iberian_vessel_complete,-12.609248375535364,-0.30335632403587826
vfm_178020,iberian_vessel_complete,-11.481422335755273,2.4844045500309853
vfm_179009,iberian_vessel_complete,-13.06941260104963,0.1738110176668193
vfm_179998,iberian_vessel_complete,-8.928089365701583,1.8728265039168008
vfm_180987,iberian_vessel_complete,-5.556816697446089,4.070935311514409
vfm_181976,iberian_vessel_complete,-5.247702877223127,4.902860619122472
vfm_182965,iberian_vessel_complete,-2.304947014835391,-3.7537697713633054
vfm_183954,iberian_vessel_complete,-1.8605797612313406,-3.431291273065578
vfm_184943,iberian_vessel_complete,-6.389538483274138,4.3263015932334445
vfm_185932,iberian_vessel_complete,-2.1883313466907106,-3.870218823681204
vfm_186921,iberian_vessel_complete,-5.229146781815872,5.174186042099478
vfm_187910,iberian_vessel_complete,-2.444544988414271,-3.0430662831743738
vfm_188899,iberian_vessel_complete,-11.750922039279278,0.48222876050069297
vfm_189888,iberian_vessel_complete,-9.638999837862109,1.7936306500686106
vfm_190877,iberian_vessel_complete,-9.46333739247062,1.219614038576322
vfm_191866,iberian_vessel_complete,-9.721112052801946,1.0269788968041984
vfm_192855,iberian_vessel_complete,-4.578777335758088,4.619354942100012
vfm_193844,iberian_vessel_complete,-12.14989599508848,-0.9701997653263132
vfm_194833,iberian_vessel_complete,-10.757853641411915,2.7401299468591525
vfm_195822,iberian_vessel_complete,-4.505354135364442,5.5155409391696075
vfm_196811,iberian_vessel_complete,-8.1201308749025,2.8688971967396197
